key,input,epigenetics_0,epigenetics_1,epigenetics_preds,oxidative_0,oxidative_1,oxidative_preds,ginstability_0,ginstability_1,ginstability_preds,apoptosis_0,apoptosis_1,apoptosis_preds,proliferation_0,proliferation_1,proliferation_preds,electrophile_0,electrophile_1,electrophile_preds,ensemble_0,ensemble_1,ensemble_preds
HQPMJFFEXJELOQ-UHFFFAOYSA-N,OC(=O)Cc1cccnc1C(O)=O,0.0719518903185728,0.928048109681428,1,0.999898770914326,0.000101229085673681,0,0.904761904761905,0.0952380952380952,0,0.170829853113636,0.829170146886364,1,0.275639400541361,0.724360599458639,1,0.999674876369004,0.000325123630996356,0,0.775549659118101,0.224450340881899,0
PDMUGYOXRHVNMO-UHFFFAOYSA-N,OCCn1cc(cn1)-c1cnc2nnn(Cc3ccc4ncccc4c3)c2n1,0.297680051247036,0.702319948752964,1,0.981350298606916,0.0186497013930841,0,0.64332530765115,0.35667469234885,0,0.818216584153725,0.181783415846275,0,0.928639261972595,0.0713607380274047,0,7.66822362695541E-05,0.99992331776373,1,0.356061451389911,0.643938548610089,1
WDENQIQQYWYTPO-IBGZPJMESA-N,CC#CC(=O)N1CCC[C@H]1c1nc(-c2ccc(cc2)C(=O)Nc2ccccn2)c2c(N)nccn12,0.167305627812804,0.832694372187196,1,0.043148053265497,0.956851946734503,1,0.410544854645978,0.589455145354022,1,0.722526712520943,0.277473287479057,0,0.652512425845759,0.347487574154241,0,7.57442120136176E-09,0.999999992425579,1,0.418307040126287,0.581692959873713,1
